Workbook

Sheet Summary
A1: Automated Calling Prototype - Summary
A2: SIMULATION - no real calls were placed. Generated 30-Oct-2026 by saini.
A4: Result | B4: TEST run | C4: PILOT run | D4: Total
A5: Answered | B5: =COUNTIFS('Call Log'!$B$2:$B$20,"TEST",'Call Log'!$G$2:$G$20,$A5) | C5: =COUNTIFS('Call Log'!$B$2:$B$20,"PILOT",'Call Log'!$G$2:$G$20,$A5) | D5: =B5+C5
A6: No Answer | B6: =COUNTIFS('Call Log'!$B$2:$B$20,"TEST",'Call Log'!$G$2:$G$20,$A6) | C6: =COUNTIFS('Call Log'!$B$2:$B$20,"PILOT",'Call Log'!$G$2:$G$20,$A6) | D6: =B6+C6
A7: Busy | B7: =COUNTIFS('Call Log'!$B$2:$B$20,"TEST",'Call Log'!$G$2:$G$20,$A7) | C7: =COUNTIFS('Call Log'!$B$2:$B$20,"PILOT",'Call Log'!$G$2:$G$20,$A7) | D7: =B7+C7
A8: Invalid Number | B8: =COUNTIFS('Call Log'!$B$2:$B$20,"TEST",'Call Log'!$G$2:$G$20,$A8) | C8: =COUNTIFS('Call Log'!$B$2:$B$20,"PILOT",'Call Log'!$G$2:$G$20,$A8) | D8: =B8+C8
A9: Callback Requested | B9: =COUNTIFS('Call Log'!$B$2:$B$20,"TEST",'Call Log'!$G$2:$G$20,$A9) | C9: =COUNTIFS('Call Log'!$B$2:$B$20,"PILOT",'Call Log'!$G$2:$G$20,$A9) | D9: =B9+C9
A10: Interested | B10: =COUNTIFS('Call Log'!$B$2:$B$20,"TEST",'Call Log'!$G$2:$G$20,$A10) | C10: =COUNTIFS('Call Log'!$B$2:$B$20,"PILOT",'Call Log'!$G$2:$G$20,$A10) | D10: =B10+C10
A11: Not Interested | B11: =COUNTIFS('Call Log'!$B$2:$B$20,"TEST",'Call Log'!$G$2:$G$20,$A11) | C11: =COUNTIFS('Call Log'!$B$2:$B$20,"PILOT",'Call Log'!$G$2:$G$20,$A11) | D11: =B11+C11
A12: Blocked | B12: =COUNTIFS('Call Log'!$B$2:$B$20,"TEST",'Call Log'!$G$2:$G$20,$A12) | C12: =COUNTIFS('Call Log'!$B$2:$B$20,"PILOT",'Call Log'!$G$2:$G$20,$A12) | D12: =B12+C12
A13: Deferred | B13: =COUNTIFS('Call Log'!$B$2:$B$20,"TEST",'Call Log'!$G$2:$G$20,$A13) | C13: =COUNTIFS('Call Log'!$B$2:$B$20,"PILOT",'Call Log'!$G$2:$G$20,$A13) | D13: =B13+C13
A14: Total log entries | B14: =SUM(B5:B13) | C14: =SUM(C5:C13) | D14: =SUM(D5:D13)
A15: Check vs call-log rows | D15: =IF(D14=COUNTA('Call Log'!A2:A20),"OK","MISMATCH")
A17: Safeguard tests passed | B17: =COUNTIF('Test Results'!F2:F30,"PASS") | C17: =COUNTA('Test Results'!A2:A30) | D17: of tests

Sheet Plan
A1: Section | B1: Item | C1: Detail
A2: Platform | B2: Proposed calling platform | C2: Cloud telephony/IVR provider with Indian numbering, DLT-compliant routing and webhooks. Candidates to evaluate: | D2: Exotel, Ozonetel, Knowlarity, Twilio (verify current India compliance support and pricing). Final choice needs IT-security and Legal sign-off.
A3: Platform | B3: Integration method | C3: Our service calls the provider's outbound-call REST API with the approved IVR flow; the provider returns call status and key presses | D3: through signed HTTPS webhooks, which write the call log. Credentials only via environment/secret manager. Prototype: provider-agnostic | E3: CallProvider interface, MockProvider (tested), LiveProvider (skeleton, blocked without approval).
A4: Workflow | B4: 1. Input | C4: Shortlisted candidates from Task 3 (one consolidated record each).
A5: Workflow | B5: 2. Consent check | C5: Call only candidates with consent on record for recruitment calls; no consent -> human/email outreach asking for consent.
A6: Workflow | B6: 3. Number validation | C6: Normalise to +91XXXXXXXXXX; reject non-Indian, wrong length, or numbers not starting 6-9 (Invalid Number).
A7: Workflow | B7: 4. Suppression | C7: Skip opted-out numbers and DND-registered numbers (scrub hook).
A8: Workflow | B8: 5. Limits | C8: Calling hours 09:00-20:00 IST; max 3 attempts; min 4 h between attempts.
A9: Workflow | B9: 6. Call | C9: Play approved IVR script: 1 Interested, 2 Not interested, 3 Human callback, 9 Stop calls.
A10: Workflow | B10: 7. Record | C10: Outcome logged: Answered, No Answer, Busy, Invalid Number, Callback Requested, Interested, Not Interested.
A11: Workflow | B11: 8. Route | C11: Interested -> Task 5 scheduling | Callback/Answered -> recruiter callback queue | Not interested/opt-out -> closed + suppressed | | D11: No Answer/Busy -> retry within limits, then email | Invalid -> request corrected number by email.
A12: Approvals | B12: HR Head | C12: Approves purpose, IVR script (language, wording) and candidate list.
A13: Approvals | B13: Legal / Data-protection owner | C13: Approves consent wording, DND/DLT handling and retention; confirms applicable TRAI and DPDP Act requirements.
A14: Approvals | B14: IT / Security | C14: Approves vendor, data flow, credential handling.
A15: Approvals | B15: Written approval reference | C15: Live mode needs CALL_APPROVAL_ID + CALL_APPROVED_BY, batch cap enforced. No bulk automated calls without approval.
A16: IVR script (draft) | B16: For approval | C16: Hello, this is [Company Name] recruitment about your application for [Role] on Indeed. Press 1 if you are interested, 2 if not interested, 3 to get a call back from a recruiter, or 9 to stop receiving automated calls. (Hindi/English versions to be approved.)

Sheet Safeguards
A1: Safeguard | B1: How it is enforced
A2: Consent | B2: Calls only with recorded consent; withdrawn or missing consent blocks the call.
A3: Opt-out | B3: Key 9 suppresses the number permanently (opt_out_register.csv) across runs.
A4: Human option | B4: Key 3 creates a human-callback task; no-input answers are also routed to a recruiter.
A5: Number validation | B5: Only valid Indian mobile numbers are dialled.
A6: Hours | B6: 09:00-20:00 IST window (conservative; confirm with Legal).
A7: Frequency | B7: Max 3 attempts, min 4 h gap; retries only for No Answer / Busy.
A8: DND | B8: DND registry hook; registered numbers get human/email outreach, not automated calls.
A9: Test first | B9: TEST mode dials only approved test numbers; PILOT/LIVE only after tests pass.
A10: Approval gate | B10: Live mode refuses to start without written approval ref; batch size capped.
A11: Privacy | B11: Call log stores masked numbers and candidate IDs only; files saved owner-only; access limited to AUTHORISED_USERS and logged.

Sheet Test Results
A1: Test | B1: Area | C1: Scenario | D1: Expected | E1: Actual | F1: Result
A2: T01 | B2: Number format | C2: Valid form '+919876543210' | D2: +919876543210 | E2: +919876543210 | F2: PASS
A3: T02 | B3: Number format | C3: Valid form '09876543210' | D3: +919876543210 | E3: +919876543210 | F3: PASS
A4: T03 | B4: Number format | C4: Valid form '919876543210' | D4: +919876543210 | E4: +919876543210 | F4: PASS
A5: T04 | B5: Number format | C5: Valid form '98765 43210' | D5: +919876543210 | E5: +919876543210 | F5: PASS
A6: T05 | B6: Number format | C6: Valid form '0091-98765-43210' | D6: +919876543210 | E6: +919876543210 | F6: PASS
A7: T06 | B7: Number format | C7: Invalid '5876543210' rejected | D7: False | E7: False | F7: PASS
A8: T07 | B8: Number format | C8: Invalid '987654321' rejected | D8: False | E8: False | F8: PASS
A9: T08 | B9: Number format | C9: Invalid '+14155550100' rejected | D9: False | E9: False | F9: PASS
A10: T09 | B10: Number format | C10: Invalid '0000000000' rejected | D10: False | E10: False | F10: PASS
A11: T10 | B11: Number format | C11: Invalid '9999999999' rejected | D11: False | E11: False | F11: PASS
A12: T11 | B12: Number format | C12: Invalid '98765abcde' rejected | D12: False | E12: False | F12: PASS
... A30: T29 | B30: DND | C30: DND-registered number not called | D30: Blocked | E30: Blocked | F30: PASS

Sheet Call Log
A1: Call ID | B1: Run Type | C1: Time (IST) | D1: Candidate ID | E1: Phone (masked) | F1: Attempt # | G1: Result | H1: Detail
A2: T-001 | B2: TEST | C2: 46325.417 | D2: TEST-1 | E2: +91 ******0101 | F2: 1 | G2: Answered | H2: Picked up, no key pressed - human follow-up needed
A3: T-002 | B3: TEST | C3: 46325.417 | D3: TEST-2 | E3: +91 ******0102 | F3: 1 | G3: No Answer
A4: T-003 | B4: TEST | C4: 46325.417 | D4: TEST-3 | E4: +91 ******0103 | F4: 1 | G4: Busy
A5: T-004 | B5: TEST | C5: 46325.417 | D5: TEST-4 | E5: +91 ******0104 | F5: 1 | G5: Invalid Number
A6: T-005 | B6: TEST | C6: 46325.417 | D6: TEST-5 | E6: +91 ******0105 | F6: 1 | G6: Callback Requested | H6: Pressed 3
A7: T-006 | B7: TEST | C7: 46325.417 | D7: TEST-6 | E7: +91 ******0106 | F7: 1 | G7: Interested | H7: Pressed 1
A8: T-007 | B8: TEST | C8: 46325.417 | D8: TEST-7 | E8: +91 ******0107 | F8: 1 | G8: Not Interested | H8: Pressed 2
A9: T-008 | B9: TEST | C9: 46325.417 | D9: TEST-8 | E9: +91 ******0108 | F9: 1 | G9: Not Interested | H9: Pressed 9 - OPTED OUT, number suppressed permanently
A10: T-009 | B10: TEST | C10: 46325.417 | D10: TEST-9 | E10: +91 ******0109 | F10: 0 | G10: Blocked | H10: number on DND registry - use human/email outreach
A11: T-010 | B11: TEST | C11: 46325.417 | D11: TEST-X | E11: +91 ******6789 | F11: 0 | G11: Blocked | H11: not an approved test number
A12: T-011 | B12: TEST | C12: 46325.604 | D12: TEST-2 | E12: +91 ******0102 | F12: 2 | G12: No Answer
A13: T-012 | B13: TEST | C13: 46325.604 | D13: TEST-3 | E13: +91 ******0103 | F13: 2 | G13: Interested | H13: Pressed 1
A14: T-013 | B14: TEST | C14: 46325.792 | D14: TEST-2 | E14: +91 ******0102 | F14: 3 | G14: No Answer
A15: P-001 | B15: PILOT | C15: 46325.417 | D15: CAND-001 | E15: +91 ******0001 | F15: 1 | G15: Interested | H15: Pressed 1
A16: P-002 | B16: PILOT | C16: 46325.417 | D16: CAND-002 | E16: +91 ******0006 | F16: 1 | G16: No Answer
A17: P-003 | B17: PILOT | C17: 46325.417 | D17: CAND-003 | E17: +91 ******0011 | F17: 1 | G17: Busy
A18: P-004 | B18: PILOT | C18: 46325.417 | D18: CAND-004 | E18: +91 ******0002 | F18: 0 | G18: Blocked | H18: no consent on record
A19: P-005 | B19: PILOT | C19: 46325.604 | D19: CAND-002 | E19: +91 ******0006 | F19: 2 | G19: Callback Requested | H19: Pressed 3
A20: P-006 | B20: PILOT | C20: 46325.604 | D20: CAND-003 | E20: +91 ******0011 | F20: 2 | G20: Interested | H20: Pressed 1

Sheet Candidate Status
A1: Candidate ID | B1: Priority | C1: Job | D1: Attempts | E1: Final Outcome | F1: Note | G1: Next Action
A2: CAND-001 | B2: P1 - High | C2: JP-001 | D2: 1 | E2: Interested | F2: Pressed 1 | G2: Schedule interview (Task 5)
A3: CAND-002 | B3: P1 - High | C3: JP-002 | D3: 2 | E3: Callback Requested | F3: Pressed 3 | G3: Recruiter callback, then schedule
A4: CAND-003 | B4: P1 - High | C4: JP-003 | D4: 2 | E4: Interested | F4: Pressed 1 | G4: Schedule interview (Task 5)
A5: CAND-004 | B5: P2 - Medium | C5: JP-001 | D5: 0 | E5: Blocked | F5: no consent on record | G5: Manual outreach: request consent by email/Indeed message

Sheet Consent Register
A1: Candidate ID | B1: Consent given | C1: Recorded at | D1: Channel | E1: Scope | F1: Withdrawn
A2: TEST-1 | B2: Yes | C2: TEST harness | D2: test | E2: Recruitment calls/messages for the applied role | F2: No
A3: TEST-2 | B3: Yes | C3: TEST harness | D3: test | E3: Recruitment calls/messages for the applied role | F3: No
A4: TEST-3 | B4: Yes | C4: TEST harness | D4: test | E4: Recruitment calls/messages for the applied role | F4: No
A5: TEST-4 | B5: Yes | C5: TEST harness | D5: test | E5: Recruitment calls/messages for the applied role | F5: No
A6: TEST-5 | B6: Yes | C6: TEST harness | D6: test | E6: Recruitment calls/messages for the applied role | F6: No
A7: TEST-6 | B7: Yes | C7: TEST harness | D7: test | E7: Recruitment calls/messages for the applied role | F7: No
A8: TEST-7 | B8: Yes | C8: TEST harness | D8: test | E8: Recruitment calls/messages for the applied role | F8: No
A9: TEST-8 | B9: Yes | C9: TEST harness | D9: test | E9: Recruitment calls/messages for the applied role | F9: No
A10: TEST-9 | B10: Yes | C10: TEST harness | D10: test | E10: Recruitment calls/messages for the applied role | F10: No
A11: TEST-X | B11: Yes | C11: TEST harness | D11: test | E11: Recruitment calls/messages for the applied role | F11: No
A12: CAND-001 | B12: Yes | C12: 2026-10-30 09:00 IST | D12: Indeed application (sample) | E12: Recruitment calls/messages for the applied role | F12: No
... A14: CAND-003 | B14: Yes | C14: 2026-10-30 09:00 IST | D14: Indeed application (sample) | E14: Recruitment calls/messages for the applied role | F14: No

Sheet Opt-out Register
A1: Candidate ID | B1: Number (masked) | C1: Opted out at | D1: Source
A2: TEST-8 | B2: +91 ******0108 | C2: 2026-10-30T10:00:00+05:30 | D2: IVR key 9

Sheet Callback Queue
A1: Candidate ID | B1: Name | C1: Requested at | D1: Action | E1: Status
A2: TEST-1 | B2: Test Contact 1 | C2: 46325.417 | D2: Answered without response - recruiter follow-up | E2: Open
A3: TEST-5 | B3: Test Contact 5 | C3: 46325.417 | D3: Human recruiter to call back within 1 working day | E3: Open
A4: CAND-002 | B4: Sample Applicant 06 | C4: 46325.604 | D4: Human recruiter to call back within 1 working day | E4: Open
