Workbook

Sheet Summary
A1: Indeed Candidate Shortlist - Summary
A2: Generated 30-Oct-2026 by saini. CONFIDENTIAL - authorised recruitment team only.
A4: Applications received (before consolidation) | B4: =COUNTA(Applications!A2:A20)
A5: Unique candidates (after consolidation) | B5: =COUNTA(Candidates!A2:A16)
A6: Duplicate / repeat records merged | B6: =B4-B5
A8: Status | B8: Candidates | C8: % of total
A9: Shortlisted | B9: =COUNTIF(Candidates!O2:O16,A9) | C9: =IF($B$5=0,0,B9/$B$5)
A10: On Hold | B10: =COUNTIF(Candidates!O2:O16,A10) | C10: =IF($B$5=0,0,B10/$B$5)
A11: Not Shortlisted | B11: =COUNTIF(Candidates!O2:O16,A11) | C11: =IF($B$5=0,0,B11/$B$5)
A12: Check: statuses sum to unique candidates | B12: =IF(SUM(B9:B11)=B5,"OK","MISMATCH")
A14: Shortlist priority | B14: Candidates
A15: P1 - High | B15: =COUNTIF(Candidates!P2:P16,A15)
A16: P2 - Medium | B16: =COUNTIF(Candidates!P2:P16,A16)
A17: P3 - Low | B17: =COUNTIF(Candidates!P2:P16,A17)
A18: N/A | B18: =COUNTIF(Candidates!P2:P16,A18)
A20: Best-fit job | B20: Shortlisted | C20: On Hold | D20: Not Shortlisted | E20: Total
A21: JP-001 - Senior Software Engineer (Backend - Python) | B21: =COUNTIFS(Candidates!$F$2:$F$16,"JP-001",Candidates!$O$2:$O$16,"Shortlisted") | C21: =COUNTIFS(Candidates!$F$2:$F$16,"JP-001",Candidates!$O$2:$O$16,"On Hold") | D21: =COUNTIFS(Candidates!$F$2:$F$16,"JP-001",Candidates!$O$2:$O$16,"Not Shortlisted") | E21: =SUM(B21:D21)
A22: JP-002 - Frontend Developer (React.js) | B22: =COUNTIFS(Candidates!$F$2:$F$16,"JP-002",Candidates!$O$2:$O$16,"Shortlisted") | C22: =COUNTIFS(Candidates!$F$2:$F$16,"JP-002",Candidates!$O$2:$O$16,"On Hold") | D22: =COUNTIFS(Candidates!$F$2:$F$16,"JP-002",Candidates!$O$2:$O$16,"Not Shortlisted") | E22: =SUM(B22:D22)
A23: JP-003 - QA Automation Engineer | B23: =COUNTIFS(Candidates!$F$2:$F$16,"JP-003",Candidates!$O$2:$O$16,"Shortlisted") | C23: =COUNTIFS(Candidates!$F$2:$F$16,"JP-003",Candidates!$O$2:$O$16,"On Hold") | D23: =COUNTIFS(Candidates!$F$2:$F$16,"JP-003",Candidates!$O$2:$O$16,"Not Shortlisted") | E23: =SUM(B23:D23)

Sheet Candidates
A1: Candidate ID | B1: Name | C1: Email | D1: Phone | E1: Location | F1: Best-fit Job | G1: Jobs Applied | H1: Applications Received | I1: Duplicate (repeat) Applications | J1: Relevant Experience (yrs) | K1: Key Skills | L1: First Applied | M1: Latest Applied | N1: Match Score | O1: Status | P1: Shortlist Priority | Q1: Reason (job-related) | R1: Screening Remarks | S1: Reviewer Notes | T1: Last Updated
A2: CAND-001 | B2: Sample Applicant 01 | C2: s01@example.com | D2: +91-90000-00001 | E2: Gorakhpur | F2: JP-001 | G2: JP-001, JP-003 | H2: 2 | I2: 0 | J2: 6 | K2: Aws; Django; Docker; Git; Postgresql; Python; Rest Api; Selenium; Sql | L2: 46324 | M2: 46324 | N2: 94 | O2: Shortlisted | P2: P1 - High | Q2: Meets criteria: 7/8 required skills, 6 yrs vs 4 needed | R2: Skills 7/8 matched (python, django, rest api, postgresql, docker, git, aws); Experience 6 yrs vs 4 required; Education fits; Location Gorakhpur acceptable; Notice 30d OK; Expected 18 LPA within approved max 20 | T2: 46325
A3: CAND-002 | B3: Sample Applicant 06 | C3: s06@example.com | D3: +91-90000-00006 | E3: Gorakhpur | F3: JP-002 | G3: JP-002 | H3: 2 | I3: 1 | J3: 3 | K3: Css; Git; Html; Javascript; React; Redux; Typescript | L3: 46324 | M3: 46324 | N3: 94 | O3: Shortlisted | P3: P1 - High | Q3: Meets criteria: 7/8 required skills, 3 yrs vs 2 needed | R3: Skills 7/8 matched (react, javascript, typescript, html, css, redux, git); Experience 3 yrs vs 2 required; Education fits; Location Gorakhpur acceptable; Notice 30d OK; Expected 9 LPA within approved max 10 | T3: 46325
A4: CAND-003 | B4: Sample Applicant 11 | C4: s11@example.com | D4: +91-90000-00011 | E4: Gorakhpur | F4: JP-003 | G4: JP-003 | H4: 1 | I4: 0 | J4: 3 | K4: Jenkins; Postman; Python; Selenium; Sql; Test Planning | L4: 46324 | M4: 46324 | N4: 88 | O4: Shortlisted | P4: P1 - High | Q4: Meets criteria: 6/8 required skills, 3 yrs vs 2 needed | R4: Skills 6/8 matched (selenium, python, postman, jenkins, sql, test planning); Experience 3 yrs vs 2 required; Education fits; Location Gorakhpur acceptable; Notice 30d OK; Expected 8 LPA within approved max 9 | T4: 46325
A5: CAND-004 | B5: Sample Applicant 02 | C5: s02@example.com | D5: +91-90000-00002 | E5: Lucknow | F5: JP-001 | G5: JP-001 | H5: 1 | I5: 0 | J5: 4 | K5: Fastapi; Git; Python; Rest Api | L5: 46323 | M5: 46323 | N5: 75 | O5: Shortlisted | P5: P2 - Medium | Q5: Meets criteria: 4/8 required skills, 4 yrs vs 4 needed | R5: Skills 4/8 matched (python, fastapi, rest api, git); Experience 4 yrs vs 4 required; Education fits; Location Lucknow acceptable; Notice 60d OK; Expected 19 LPA within approved max 20 | T5: 46325
A6: CAND-005 | B6: Sample Applicant 15 | C6: s15@example.com | D6: +91-90000-00015 | E6: Gorakhpur | F6: JP-003 | G6: JP-003 | H6: 2 | I6: 1 | J6: 3 | K6: Python; Selenium; Sql | L6: 46320 | M6: 46320 | N6: 69 | O6: On Hold | P6: P3 - Low | Q6: Partial fit: 3/8 required skills, 3 yrs vs 2 needed | R6: Skills 3/8 matched (selenium, python, sql); Experience 3 yrs vs 2 required; Education fits; Location Gorakhpur acceptable; Notice 30d OK; Expected 8 LPA within approved max 9 | T6: 46325
A7: CAND-006 | B7: Sample Applicant 12 | C7: s12@example.com | D7: +91-90000-00012 | E7: Lucknow | F7: JP-003 | G7: JP-003 | H7: 1 | I7: 0 | J7: 2 | K7: Java; Selenium | L7: 46323 | M7: 46323 | N7: 62 | O7: On Hold | P7: P3 - Low | Q7: Partial fit: 2/8 required skills, 2 yrs vs 2 needed | R7: Skills 2/8 matched (selenium, java); Experience 2 yrs vs 2 required; Education fits; Location Lucknow acceptable; Notice 45d OK; Expected 7 LPA within approved max 9 | T7: 46325
A8: CAND-007 | B8: Sample Applicant 09 | C8: s09@example.com | D8: +91-90000-00009 | E8: Gorakhpur | F8: JP-002 | G8: JP-002 | H8: 2 | I8: 1 | J8: 2 | K8: Css; Javascript; React | L8: 46321 | M8: 46321 | N8: 59 | O8: On Hold | P8: P3 - Low | Q8: Partial fit: 3/8 required skills, 2 yrs vs 2 needed | R8: Skills 3/8 matched (react, javascript, css); Experience 2 yrs vs 2 required; Education not in preferred list; Location Gorakhpur acceptable; Notice 15d OK; Expected 8 LPA within approved max 10 | T8: 46325
A9: CAND-008 | B9: Sample Applicant 14 | C9: s14@example.com | D9: +91-90000-00014 | E9: Pune | F9: JP-003 | G9: JP-003 | H9: 1 | I9: 0 | J9: 4 | K9: Playwright; Python; Sql | L9: 46320 | M9: 46320 | N9: 56 | O9: On Hold | P9: P3 - Low | Q9: Partial fit: 3/8 required skills, 4 yrs vs 2 needed; expected 12 LPA above approved max 9; location Pune outside job locations | R9: Skills 3/8 matched (playwright, python, sql); Experience 4 yrs vs 2 required; Education fits; Location Pune outside job locations; Notice 30d OK; Expected 12 LPA above approved max 9 | T9: 46325
A10: CAND-009 | B10: Sample Applicant 07 | C10: s07@example.com | D10: +91-90000-00007 | E10: Gorakhpur | F10: JP-002 | G10: JP-002 | H10: 1 | I10: 0 | J10: 0 | K10: Css; Html; Javascript | L10: 46323 | M10: 46323 | N10: 44 | O10: On Hold | P10: P3 - Low | Q10: Partial fit: 3/8 required skills, 0 yrs vs 2 needed | R10: Skills 3/8 matched (javascript, html, css); Experience 0 yrs vs 2 required (below requirement); Education fits; Location Gorakhpur acceptable; Notice 0d OK; Expected 4 LPA within approved max 10 | T10: 46325
A11: CAND-010 | B11: Sample Applicant 08 | C11: s08@example.com | D11: +91-90000-00008 | E11: Mumbai | F11: JP-002 | G11: JP-002 | H11: 1 | I11: 0 | J11: 5 | K11: Angular; Javascript | L11: 46321 | M11: 46321 | N11: 42 | O11: On Hold | P11: P3 - Low | Q11: Partial fit: 1/8 required skills, 5 yrs vs 2 needed; expected 16 LPA above approved max 10; notice 90d exceeds 45d; location Mumbai outside job locations | R11: Skills 1/8 matched (javascript); Experience 5 yrs vs 2 required; Education fits; Location Mumbai outside job locations; Notice 90d too long; Expected 16 LPA above approved max 10 | T11: 46325
A12: CAND-011 | B12: Sample Applicant 05 | C12: s05@example.com | D12: +91-90000-00005 | F12: JP-001 | G12: JP-001 | H12: 1 | I12: 0 | L12: 46322 | M12: 46322 | N12: 0 | O12: On Hold | P12: P3 - Low | Q12: Profile incomplete (Missing: skills, experience_years, education, location) - request missing details | R12: Missing: skills, experience_years, education, location | T12: 46325
A13: CAND-012 | B13: Sample Applicant 10 | C13: s10@example.com | D13: +91-90000-00010 | E13: Gorakhpur | F13: JP-002 | G13: JP-002 | H13: 1 | I13: 0 | J13: 4 | K13: Accounting; Tally | L13: 46320 | M13: 46320 | N13: 40 | O13: Not Shortlisted | P13: N/A | Q13: Does not meet core criteria: 0/8 required skills, 4 yrs vs 2 needed | R13: Skills 0/8 matched (none); Experience 4 yrs vs 2 required; Education not in preferred list; Location Gorakhpur acceptable; Notice 15d OK; Expected 4 LPA within approved max 10; No required skills matched - experience is not in the job's field | T13: 46325
A14: CAND-013 | B14: Sample Applicant 04 | C14: s04@example.com | D14: +91-90000-00004 | E14: Gorakhpur | F14: JP-001 | G14: JP-001 | H14: 1 | I14: 0 | J14: 0 | K14: Git; Python | L14: 46322 | M14: 46322 | N14: 38 | O14: Not Shortlisted | P14: N/A | Q14: Does not meet core criteria: 2/8 required skills, 0 yrs vs 4 needed | R14: Skills 2/8 matched (python, git); Experience 0 yrs vs 4 required (below requirement); Education fits; Location Gorakhpur acceptable; Notice 0d OK; Expected 5 LPA within approved max 20 | T14: 46325
A15: CAND-014 | B15: Sample Applicant 13 | C15: s13@example.com | D15: +91-90000-00013 | E15: Gorakhpur | F15: JP-003 | G15: JP-003 | H15: 1 | I15: 0 | J15: 0 | K15: Manual Testing; Sql | L15: 46322 | M15: 46322 | N15: 31 | O15: Not Shortlisted | P15: N/A | Q15: Does not meet core criteria: 1/8 required skills, 0 yrs vs 2 needed | R15: Skills 1/8 matched (sql); Experience 0 yrs vs 2 required (below requirement); Education fits; Location Gorakhpur acceptable; Notice 0d OK; Expected 3.5 LPA within approved max 9 | T15: 46325
A16: CAND-015 | B16: Sample Applicant 03 | C16: s03@example.com | D16: +91-90000-00003 | E16: Delhi | F16: JP-001 | G16: JP-001 | H16: 1 | I16: 0 | J16: 2 | K16: Java; Spring | L16: 46323 | M16: 46323 | N16: 28 | O16: Not Shortlisted | P16: N/A | Q16: Does not meet core criteria: 0/8 required skills, 2 yrs vs 4 needed; location Delhi outside job locations | R16: Skills 0/8 matched (none); Experience 2 yrs vs 4 required (below requirement); Education fits; Location Delhi outside job locations; Notice 30d OK; Expected 14 LPA within approved max 20; No required skills matched - experience is not in the job's field | T16: 46325

Sheet Applications
A1: Source Applicant ID | B1: Candidate ID | C1: Job | D1: Applied Date | E1: Task 2 Category | F1: Score | G1: Repeat for same job?
A2: AP-001 | B2: CAND-001 | C2: JP-001 | D2: 46324 | E2: Relevant/Suitable | F2: 94 | G2: No
A3: AP-017 | B3: CAND-001 | C3: JP-003 | D3: 46324 | E3: Partially Relevant | F3: 66 | G3: No
A4: AP-006 | B4: CAND-002 | C4: JP-002 | D4: 46324 | E4: Relevant/Suitable | F4: 94 | G4: No
A5: AP-018 | B5: CAND-002 | C5: JP-002 | D5: 46324 | E5: Relevant/Suitable | F5: 94 | G5: Yes
A6: AP-011 | B6: CAND-003 | C6: JP-003 | D6: 46324 | E6: Relevant/Suitable | F6: 88 | G6: No
A7: AP-002 | B7: CAND-004 | C7: JP-001 | D7: 46323 | E7: Relevant/Suitable | F7: 75 | G7: No
A8: AP-015 | B8: CAND-005 | C8: JP-003 | D8: 46320 | E8: Partially Relevant | F8: 69 | G8: No
A9: AP-016 | B9: CAND-005 | C9: JP-003 | D9: 46320 | E9: Partially Relevant | F9: 69 | G9: Yes
A10: AP-012 | B10: CAND-006 | C10: JP-003 | D10: 46323 | E10: Partially Relevant | F10: 62 | G10: No
A11: AP-009 | B11: CAND-007 | C11: JP-002 | D11: 46321 | E11: Partially Relevant | F11: 59 | G11: No
A12: AP-019 | B12: CAND-007 | C12: JP-002 | D12: 46321 | E12: Partially Relevant | F12: 59 | G12: Yes
A13: AP-014 | B13: CAND-008 | C13: JP-003 | D13: 46320 | E13: Partially Relevant | F13: 56 | G13: No
... A20: AP-003 | B20: CAND-015 | C20: JP-001 | D20: 46323 | E20: Not Relevant | F20: 28 | G20: No

Sheet Access & Handling
A1: Access & data handling
A2: Authorised users: (not set - sample data only)
A3: Source: Indeed's permitted employer-dashboard export only. No scraping, bots or unofficial access.
A4: Captured: name, contact details, location, relevant experience, skills, application date, status, screening reason.
A5: Not captured/used: age, gender, religion, marital status, photo, health, or any non-job-related attribute.
A6: Sharing: use Indeed_Shortlist_Masked.xlsx (contacts masked) for hiring managers; never email the full database.
A7: Protection: this file is saved owner-only; sheets are locked except yellow reviewer cells. Excel sheet protection is a guard against accidental edits, not strong security - keep the file on an access-controlled drive.
A8: Retention: delete or anonymise candidate records after the period set by your company policy and applicable data-protection law (e.g. India's DPDP Act) - confirm with HR/legal.
A9: Audit: each run is recorded in access_log.csv (time, user, records).
