Workbook

Sheet Summary
A1: Indeed Applications - Summary
A2: Generated 30-Oct-2026. Data source: sample/export (see Notes). Duplicates removed: 1.
A4: Total applications | B4: =COUNTA(Applicants!A2:A16)
A6: Category | B6: Count | C6: % of total
A7: Relevant/Suitable | B7: =COUNTIF(Applicants!M2:M16,A7) | C7: =IF($B$4=0,0,B7/$B$4)
A8: Partially Relevant | B8: =COUNTIF(Applicants!M2:M16,A8) | C8: =IF($B$4=0,0,B8/$B$4)
A9: Not Relevant | B9: =COUNTIF(Applicants!M2:M16,A9) | C9: =IF($B$4=0,0,B9/$B$4)
A10: Incomplete Profile | B10: =COUNTIF(Applicants!M2:M16,A10) | C10: =IF($B$4=0,0,B10/$B$4)
A11: Experienced | B11: =COUNTIF(Applicants!N2:N16,A11) | C11: =IF($B$4=0,0,B11/$B$4)
A12: Fresher | B12: =COUNTIF(Applicants!N2:N16,A12) | C12: =IF($B$4=0,0,B12/$B$4)
A13: Check: suitability categories sum to total | B13: =IF(SUM(B7:B10)=B4,"OK","MISMATCH")
A15: Job | B15: Relevant/Suitable | C15: Partially Relevant | D15: Not Relevant | E15: Incomplete Profile | F15: Total
A16: JP-001 - Senior Software Engineer (Backend - Python) | B16: =COUNTIFS(Applicants!$C$2:$C$16,"JP-001",Applicants!$M$2:$M$16,"Relevant/Suitable") | C16: =COUNTIFS(Applicants!$C$2:$C$16,"JP-001",Applicants!$M$2:$M$16,"Partially Relevant") | D16: =COUNTIFS(Applicants!$C$2:$C$16,"JP-001",Applicants!$M$2:$M$16,"Not Relevant") | E16: =COUNTIFS(Applicants!$C$2:$C$16,"JP-001",Applicants!$M$2:$M$16,"Incomplete Profile") | F16: =SUM(B16:E16)
A17: JP-002 - Frontend Developer (React.js) | B17: =COUNTIFS(Applicants!$C$2:$C$16,"JP-002",Applicants!$M$2:$M$16,"Relevant/Suitable") | C17: =COUNTIFS(Applicants!$C$2:$C$16,"JP-002",Applicants!$M$2:$M$16,"Partially Relevant") | D17: =COUNTIFS(Applicants!$C$2:$C$16,"JP-002",Applicants!$M$2:$M$16,"Not Relevant") | E17: =COUNTIFS(Applicants!$C$2:$C$16,"JP-002",Applicants!$M$2:$M$16,"Incomplete Profile") | F17: =SUM(B17:E17)
A18: JP-003 - QA Automation Engineer | B18: =COUNTIFS(Applicants!$C$2:$C$16,"JP-003",Applicants!$M$2:$M$16,"Relevant/Suitable") | C18: =COUNTIFS(Applicants!$C$2:$C$16,"JP-003",Applicants!$M$2:$M$16,"Partially Relevant") | D18: =COUNTIFS(Applicants!$C$2:$C$16,"JP-003",Applicants!$M$2:$M$16,"Not Relevant") | E18: =COUNTIFS(Applicants!$C$2:$C$16,"JP-003",Applicants!$M$2:$M$16,"Incomplete Profile") | F18: =SUM(B18:E18)
A20: Notes & assumptions
A21: - Score = skills 50 + experience 25 + education 10 + location 10 + notice/salary 5.
A22: - Relevant/Suitable: score >= 70; Partially Relevant: >= 40; otherwise Not Relevant.
A23: - An applicant matching none of the required skills is always Not Relevant, whatever the score.
A24: - Incomplete Profile: skills, experience, education or location missing (cannot be scored fairly).
A25: - Fresher: under 1 year of experience; Experienced: 1 year or more.
A26: - Only job-related criteria are used. A recruiter should review borderline cases; edit Category/Experience Level on the Applicants sheet and this summary updates.
A27: - Applicants shown are SAMPLE records unless APPLICANT_SOURCE=csv was used.

Sheet Applicants
A1: Applicant ID | B1: Applicant (name) | C1: Job ID | D1: Job Title | E1: Applied Date | F1: Location | G1: Experience (yrs) | H1: Education | I1: Skills | J1: Expected Salary (LPA) | K1: Notice (days) | L1: Match Score (0-100) | M1: Category | N1: Experience Level | O1: Reasons (job-related) | P1: Reviewer Override / Notes
A2: AP-001 | B2: Sample Applicant 01 | C2: JP-001 | D2: Senior Software Engineer (Backend - Python) | E2: 46324 | F2: Gorakhpur | G2: 6 | H2: B.Tech Computer Science | I2: Python;Django;PostgreSQL;Docker;AWS;Git;REST API | J2: 18 | K2: 30 | L2: 94 | M2: Relevant/Suitable | N2: Experienced | O2: Skills 7/8 matched (python, django, rest api, postgresql, docker, git, aws); Experience 6 yrs vs 4 required; Education fits; Location Gorakhpur acceptable; Notice 30d OK; Expected 18 LPA within approved max 20
A3: AP-002 | B3: Sample Applicant 02 | C3: JP-001 | D3: Senior Software Engineer (Backend - Python) | E3: 46323 | F3: Lucknow | G3: 4 | H3: MCA | I3: Python;FastAPI;Git;REST API | J3: 19 | K3: 60 | L3: 75 | M3: Relevant/Suitable | N3: Experienced | O3: Skills 4/8 matched (python, fastapi, rest api, git); Experience 4 yrs vs 4 required; Education fits; Location Lucknow acceptable; Notice 60d OK; Expected 19 LPA within approved max 20
A4: AP-003 | B4: Sample Applicant 03 | C4: JP-001 | D4: Senior Software Engineer (Backend - Python) | E4: 46323 | F4: Delhi | G4: 2 | H4: B.Tech | I4: Java;Spring | J4: 14 | K4: 30 | L4: 28 | M4: Not Relevant | N4: Experienced | O4: Skills 0/8 matched (none); Experience 2 yrs vs 4 required (below requirement); Education fits; Location Delhi outside job locations; Notice 30d OK; Expected 14 LPA within approved max 20; No required skills matched - experience is not in the job's field
A5: AP-004 | B5: Sample Applicant 04 | C5: JP-001 | D5: Senior Software Engineer (Backend - Python) | E5: 46322 | F5: Gorakhpur | G5: 0 | H5: B.Tech Computer Science | I5: Python;Git | J5: 5 | K5: 0 | L5: 38 | M5: Not Relevant | N5: Fresher | O5: Skills 2/8 matched (python, git); Experience 0 yrs vs 4 required (below requirement); Education fits; Location Gorakhpur acceptable; Notice 0d OK; Expected 5 LPA within approved max 20
A6: AP-005 | B6: Sample Applicant 05 | C6: JP-001 | D6: Senior Software Engineer (Backend - Python) | E6: 46322 | L6: 0 | M6: Incomplete Profile | O6: Missing: skills, experience_years, education, location
A7: AP-006 | B7: Sample Applicant 06 | C7: JP-002 | D7: Frontend Developer (React.js) | E7: 46324 | F7: Gorakhpur | G7: 3 | H7: BCA | I7: React;JavaScript;TypeScript;Redux;HTML;CSS;Git | J7: 9 | K7: 30 | L7: 94 | M7: Relevant/Suitable | N7: Experienced | O7: Skills 7/8 matched (react, javascript, typescript, html, css, redux, git); Experience 3 yrs vs 2 required; Education fits; Location Gorakhpur acceptable; Notice 30d OK; Expected 9 LPA within approved max 10
A8: AP-007 | B8: Sample Applicant 07 | C8: JP-002 | D8: Frontend Developer (React.js) | E8: 46323 | F8: Gorakhpur | G8: 0 | H8: B.Tech Computer Science | I8: HTML;CSS;JavaScript | J8: 4 | K8: 0 | L8: 44 | M8: Partially Relevant | N8: Fresher | O8: Skills 3/8 matched (javascript, html, css); Experience 0 yrs vs 2 required (below requirement); Education fits; Location Gorakhpur acceptable; Notice 0d OK; Expected 4 LPA within approved max 10
A9: AP-008 | B9: Sample Applicant 08 | C9: JP-002 | D9: Frontend Developer (React.js) | E9: 46321 | F9: Mumbai | G9: 5 | H9: B.E | I9: Angular;JavaScript | J9: 16 | K9: 90 | L9: 42 | M9: Partially Relevant | N9: Experienced | O9: Skills 1/8 matched (javascript); Experience 5 yrs vs 2 required; Education fits; Location Mumbai outside job locations; Notice 90d too long; Expected 16 LPA above approved max 10
A10: AP-009 | B10: Sample Applicant 09 | C10: JP-002 | D10: Frontend Developer (React.js) | E10: 46321 | F10: Gorakhpur | G10: 2 | H10: B.Com | I10: React;JavaScript;CSS | J10: 8 | K10: 15 | L10: 59 | M10: Partially Relevant | N10: Experienced | O10: Skills 3/8 matched (react, javascript, css); Experience 2 yrs vs 2 required; Education not in preferred list; Location Gorakhpur acceptable; Notice 15d OK; Expected 8 LPA within approved max 10
A11: AP-010 | B11: Sample Applicant 10 | C11: JP-002 | D11: Frontend Developer (React.js) | E11: 46320 | F11: Gorakhpur | G11: 4 | H11: B.Com | I11: Accounting;Tally | J11: 4 | K11: 15 | L11: 40 | M11: Not Relevant | N11: Experienced | O11: Skills 0/8 matched (none); Experience 4 yrs vs 2 required; Education not in preferred list; Location Gorakhpur acceptable; Notice 15d OK; Expected 4 LPA within approved max 10; No required skills matched - experience is not in the job's field
A12: AP-011 | B12: Sample Applicant 11 | C12: JP-003 | D12: QA Automation Engineer | E12: 46324 | F12: Gorakhpur | G12: 3 | H12: B.Tech Computer Science | I12: Selenium;Python;Postman;Jenkins;SQL;Test Planning | J12: 8 | K12: 30 | L12: 88 | M12: Relevant/Suitable | N12: Experienced | O12: Skills 6/8 matched (selenium, python, postman, jenkins, sql, test planning); Experience 3 yrs vs 2 required; Education fits; Location Gorakhpur acceptable; Notice 30d OK; Expected 8 LPA within approved max 9
A13: AP-012 | B13: Sample Applicant 12 | C13: JP-003 | D13: QA Automation Engineer | E13: 46323 | F13: Lucknow | G13: 2 | H13: MCA | I13: Selenium;Java | J13: 7 | K13: 45 | L13: 62 | M13: Partially Relevant | N13: Experienced | O13: Skills 2/8 matched (selenium, java); Experience 2 yrs vs 2 required; Education fits; Location Lucknow acceptable; Notice 45d OK; Expected 7 LPA within approved max 9
A14: AP-013 | B14: Sample Applicant 13 | C14: JP-003 | D14: QA Automation Engineer | E14: 46322 | F14: Gorakhpur | G14: 0 | H14: B.Tech | I14: Manual Testing;SQL | J14: 3.5 | K14: 0 | L14: 31 | M14: Not Relevant | N14: Fresher | O14: Skills 1/8 matched (sql); Experience 0 yrs vs 2 required (below requirement); Education fits; Location Gorakhpur acceptable; Notice 0d OK; Expected 3.5 LPA within approved max 9
A15: AP-014 | B15: Sample Applicant 14 | C15: JP-003 | D15: QA Automation Engineer | E15: 46320 | F15: Pune | G15: 4 | H15: B.E | I15: Playwright;Python;SQL | J15: 12 | K15: 30 | L15: 56 | M15: Partially Relevant | N15: Experienced | O15: Skills 3/8 matched (playwright, python, sql); Experience 4 yrs vs 2 required; Education fits; Location Pune outside job locations; Notice 30d OK; Expected 12 LPA above approved max 9
A16: AP-015 | B16: Sample Applicant 15 | C16: JP-003 | D16: QA Automation Engineer | E16: 46320 | F16: Gorakhpur | G16: 3 | H16: B.Tech | I16: Selenium;Python;SQL | J16: 8 | K16: 30 | L16: 69 | M16: Partially Relevant | N16: Experienced | O16: Skills 3/8 matched (selenium, python, sql); Experience 3 yrs vs 2 required; Education fits; Location Gorakhpur acceptable; Notice 30d OK; Expected 8 LPA within approved max 9
